[
  { "jp": "ichi-gatsu", "kana": "いちがつ", "th": "มกราคม" },
  { "jp": "ni-gatsu", "kana": "にがつ", "th": "กุมภาพันธ์" },
  { "jp": "san-gatsu", "kana": "さんがつ", "th": "มีนาคม" },
  { "jp": "shi-gatsu", "kana": "しがつ", "th": "เมษายน" },
  { "jp": "go-gatsu", "kana": "ごがつ", "th": "พฤษภาคม" },
  { "jp": "roku-gatsu", "kana": "ろくがつ", "th": "มิถุนายน" },
  { "jp": "shichi-gatsu", "kana": "しちがつ", "th": "กรกฎาคม" },
  { "jp": "hachi-gatsu", "kana": "はちがつ", "th": "สิงหาคม" },
  { "jp": "ku-gatsu", "kana": "くがつ", "th": "กันยายน" },
  { "jp": "jū-gatsu", "kana": "じゅうがつ", "th": "ตุลาคม" },
  { "jp": "jūichi-gatsu", "kana": "じゅういちがつ", "th": "พฤศจิกายน" },
  { "jp": "jūni-gatsu", "kana": "じゅうにがつ", "th": "ธันวาคม" },
  { "jp": "nan-gatsu", "kana": "なんがつ", "th": "เดือนอะไร?" },

  { "jp": "tsuitachi", "kana": "ついたち", "th": "วันที่ 1" },
  { "jp": "futsuka", "kana": "ふつか", "th": "วันที่ 2" },
  { "jp": "mikka", "kana": "みっか", "th": "วันที่ 3" },
  { "jp": "yokka", "kana": "よっか", "th": "วันที่ 4" },
  { "jp": "itsuka", "kana": "いつか", "th": "วันที่ 5" },
  { "jp": "muika", "kana": "むいか", "th": "วันที่ 6" },
  { "jp": "nanoka", "kana": "なのか", "th": "วันที่ 7" },
  { "jp": "yōka", "kana": "ようか", "th": "วันที่ 8" },
  { "jp": "kokonoka", "kana": "ここのか", "th": "วันที่ 9" },
  { "jp": "tōka", "kana": "とおか", "th": "วันที่ 10" },

  { "jp": "jūichi-nichi", "kana": "じゅういちにち", "th": "วันที่ 11" },
  { "jp": "jūni-nichi", "kana": "じゅうににち", "th": "วันที่ 12" },
  { "jp": "jūsan-nichi", "kana": "じゅうさんにち", "th": "วันที่ 13" },
  { "jp": "jūyokka", "kana": "じゅうよっか", "th": "วันที่ 14" },
  { "jp": "jūgo-nichi", "kana": "じゅうごにち", "th": "วันที่ 15" },
  { "jp": "jūroku-nichi", "kana": "じゅうろくにち", "th": "วันที่ 16" },
  { "jp": "jūshichi-nichi", "kana": "じゅうしちにち", "th": "วันที่ 17" },
  { "jp": "jūhachi-nichi", "kana": "じゅうはちにち", "th": "วันที่ 18" },
  { "jp": "jūku-nichi", "kana": "じゅうくにち", "th": "วันที่ 19" },
  { "jp": "hatsuka", "kana": "はつか", "th": "วันที่ 20" },

  { "jp": "nijūichi-nichi", "kana": "にじゅういちにち", "th": "วันที่ 21" },
  { "jp": "nijūni-nichi", "kana": "にじゅうににち", "th": "วันที่ 22" },
  { "jp": "nijūsan-nichi", "kana": "にじゅうさんにち", "th": "วันที่ 23" },
  { "jp": "nijūyokka", "kana": "にじゅうよっか", "th": "วันที่ 24" },
  { "jp": "nijūgo-nichi", "kana": "にじゅうごにち", "th": "วันที่ 25" },
  { "jp": "nijūroku-nichi", "kana": "にじゅうろくにち", "th": "วันที่ 26" },
  { "jp": "nijūshichi-nichi", "kana": "にじゅうしちにち", "th": "วันที่ 27" },
  { "jp": "nijūhachi-nichi", "kana": "にじゅうはちにち", "th": "วันที่ 28" },
  { "jp": "nijūku-nichi", "kana": "にじゅうくにち", "th": "วันที่ 29" },
  { "jp": "sanjū-nichi", "kana": "さんじゅうにち", "th": "วันที่ 30" },
  { "jp": "sanjūichi-nichi", "kana": "さんじゅういちにち", "th": "วันที่ 31" },
  { "jp": "nan-nichi", "kana": "なんにち", "th": "วันที่เท่าไหร่?" },

  { "jp": "getsu-yōbi", "kana": "げつようび", "th": "วันจันทร์" },
  { "jp": "ka-yōbi", "kana": "かようび", "th": "วันอังคาร" },
  { "jp": "sui-yōbi", "kana": "すいようび", "th": "วันพุธ" },
  { "jp": "moku-yōbi", "kana": "もくようび", "th": "วันพฤหัสบดี" },
  { "jp": "kin-yōbi", "kana": "きんようび", "th": "วันศุกร์" },
  { "jp": "do-yōbi", "kana": "どようび", "th": "วันเสาร์" },
  { "jp": "nichi-yōbi", "kana": "にちようび", "th": "วันอาทิตย์" },
  { "jp": "nan-yōbi", "kana": "なんようび", "th": "วันอะไร?" }
]
